Season Number,Startup Name,Episode Number,Pitch Number,Season Start,Season End,Original Air Date,Industry,Business Description,Company Website,Pitchers Gender,Pitchers City,Pitchers State,Pitchers Average Age,Entrepreneur Names,Multiple Entrepreneurs,Viewers,Original Ask Amount,Original Offered Equity,Valuation Requested,Received Offer,Accepted Offer,Total Deal Amount,Total Deal Equity,Deal Valuation,Number of Sharks in Deal,Investment Amount Per Shark,Equity Per Shark,Royalty Deal,Advisory Shares Equity,Loan,Deal Has Conditions,Mentorship,Steve Investment Amount,Steve Investment Equity,Janine Investment Amount,Janine Investment Equity,Andrew Investment Amount,Andrew Investment Equity,Naomi Investment Amount,Naomi Investment Equity,Glen Investment Amount,Glen Investment Equity,Guest Investment Amount,Guest Investment Equity,Guest Name,Steve Present,Janine Present,Andrew Present,Naomi Present,Glen Present,Guest Present
1,CricketCooler,1,1,8-Feb-15,7-Jun-15,8-Feb-15,Fitness/Sports/Outdoors,An esky with attached cricket stumps,,,,,,Adam Dubrich & Leigh Warren,1,"616,000",280000,20,1400000,1,1,280000,20,1400000,1,280000,20,,,200000,,,,,,,,,280000,20,,,,,,1,1,1,1,1,
1,RentResumé,1,2,8-Feb-15,7-Jun-15,8-Feb-15,Software/Tech,Online rental subscription that details rental history,,,,,,Darren Smith,0,"616,000",2500000,40,6250000,0,,,,,,,,,,,,,,,,,,,,,,,,,,1,1,1,1,1,
1,CaseBoards,1,3,8-Feb-15,7-Jun-15,8-Feb-15,Electronics,"Portable, electric remote controlled skateboard that folds down to briefcase size",,,,,,Adam Riley,0,"616,000",20000,10,200000,1,1,40000,35,114286,2,20000,17.5,,,,,,,,20000,17.5,20000,17.5,,,,,,,,1,1,1,1,1,
1,Hamdog,1,4,8-Feb-15,7-Jun-15,8-Feb-15,Food and Beverage,hamburger and hot dog combination,,,,,,Mark Murray,0,"616,000",1,25,4,1,1,2,50,4,1,2,50,,,,,,,,,,2,50,,,,,,,,1,1,1,1,1,
1,EdibleBugShop,2,5,8-Feb-15,7-Jun-15,15-Feb-15,Business Services,Edible insect business selling ground cricket flour,,,,,,Skye Blackburn,0,"688,000",170000,20,850000,1,1,170000,50,340000,1,170000,50,,,,,,,,170000,50,,,,,,,,,,1,1,1,1,1,
1,Lambdaton,2,6,8-Feb-15,7-Jun-15,15-Feb-15,,"A commercial grade hexacopter, unmanned aerial vehicle",,,,,,James Palmer,0,"688,000",150000,10,1500000,0,,,,,,,,,,,,,,,,,,,,,,,,,,1,1,1,1,1,
1,ThroatScope,2,7,8-Feb-15,7-Jun-15,15-Feb-15,Health/Wellness,An illuminated tongue depressant device,,,,,,Jennifer Holland,0,"688,000",76000,10,760000,1,1,76000,30,253333,1,76000,30,,,,,,76000,30,,,,,,,,,,,,1,1,1,1,1,
1,BentoPets,2,8,8-Feb-15,7-Jun-15,15-Feb-15,Pet Products,A line of dog treats that human's can also consume,,,,,,Shae Calissa Teo,0,"688,000",200000,10,2000000,0,,,,,,,,,,,,,,,,,,,,,,,,,,1,1,1,1,1,
1,PBAutomotiveConveyorTray,2,9,8-Feb-15,7-Jun-15,15-Feb-15,,A loading and unloading device,,,,,,Bruno Oppedisano & Paul Usatti,1,"688,000",300000,51,588235,0,,,,,,,,,,,,,,,,,,,,,,,,,,1,1,1,1,,1
1,Surfsafe,3,10,8-Feb-15,7-Jun-15,22-Feb-15,Fitness/Sports/Outdoors,A device that is embedded in surfboards to deter shark attacks,,,,,,Dave Smith,0,"739,000",120000,5,2400000,1,0,,,,,,,,,,,,,,,,,,,,,,,,,1,1,1,1,,1
1,CaptainActive,3,11,8-Feb-15,7-Jun-15,22-Feb-15,,A program encouraging kids and adults to be as active as they can,,,,,,Luke Wilson,0,"739,000",50000,20,250000,0,,,,,,,,,,,,,,,,,,,,,,,,,,1,1,1,1,,1
1,MobileTyreShop,3,12,8-Feb-15,7-Jun-15,22-Feb-15,Automotive,A mobile car tyre fitting shop that comes to you to professionally fit and rebalance your tyres,,,,,,Travis Osborne,0,"739,000",250000,10,2500000,1,1,150000,10,1500000,2,75000,5,,,100000,,,75000,5,,,,,,,,,75000,5,John,1,1,1,1,,1
1,SimplyMoreishMarinades,3,13,8-Feb-15,7-Jun-15,22-Feb-15,Business Services,A homemade marinade business,,,,,,Anne Barclay,0,"739,000",80000,20,400000,0,,,,,,,,,,,,,,,,,,,,,,,,,,1,1,1,1,,1
1,TouchCo,3,14,8-Feb-15,7-Jun-15,22-Feb-15,Electronics,An interactive computer screen that can be activated on glass,,,,,,Daniel Baise,0,"739,000",60000,15,400000,0,,,,,,,,,,,,,,,,,,,,,,,,,,1,1,1,1,,1
1,ScopeMyProject,4,15,8-Feb-15,7-Jun-15,1-Mar-15,Software/Tech,Company that pairs businesses with web designers,,,,,,Alex Pirouz & Nicholas Dogulin,1,"724,000",50000,20,250000,0,,,,,,,,,,,,,,,,,,,,,,,,,,1,1,1,1,,1
1,DrDrumFurniture,4,16,8-Feb-15,7-Jun-15,1-Mar-15,Lifestyle/Home,Custom made furniture using oil drums,,,,,,Simon Fiske,0,"724,000",250000,33,757576,0,,,,,,,,,,,,,,,,,,,,,,,,,,1,1,1,1,,1
1,Expocentric,4,17,8-Feb-15,7-Jun-15,1-Mar-15,,"A company that designs, constructs and project manages custom exhibition stands",,,,,,Stan Kruss,0,"724,000",2000000,10,20000000,1,0,,,,,,,,,,,,,,,,,,,,,,,,,1,1,1,1,,1
1,Wiggin'Out,4,18,8-Feb-15,7-Jun-15,1-Mar-15,Fashion/Beauty,Wigs with custom wig cap,,,,,,Brooke 'Chookie' Annan,0,"724,000",96000,12,800000,0,,,,,,,,,,,,,,,,,,,,,,,,,,1,1,1,1,,1
1,SalsaRanchero,4,19,8-Feb-15,7-Jun-15,1-Mar-15,Food and Beverage,Mexican Sauce and Salsa Business,,,,,,Giselle & Emilio Cano,1,"724,000",60000,30,200000,1,1,80000,40,200000,1,80000,40,,,,,,,,,,,,,,,,80000,40,John,1,1,1,1,,1
1,HairDryer/Straightener,5,20,8-Feb-15,7-Jun-15,8-Mar-15,Fashion/Beauty,Styling tool that combines a hair dryer and straightener,,,,,,Joseph Mourad,0,"710,000",1000000,20,5000000,0,,,,,,,,,,,,,,,,,,,,,,,,,,1,1,1,1,,1
1,RescueSwag,5,21,8-Feb-15,7-Jun-15,8-Mar-15,,"Comprehensive first aid kit that doubles as a sling, splint, compression device and water carrier",,,,,,Tracey Beikoff,0,"710,000",220000,20,1100000,1,1,100000,40,250000,1,100000,40,1,,,,,100000,40,,,,,,,,,,,,1,1,1,1,,1
1,KoalaKarma,5,22,8-Feb-15,7-Jun-15,8-Mar-15,Food and Beverage,A relaxation drink,,,,,,Jaime Turner & Cheryl Stewart,1,"710,000",100000,15,666667,0,,,,,,,,,,,,,,,,,,,,,,,,,,1,1,1,1,,1
1,HegsPegs,5,23,8-Feb-15,7-Jun-15,8-Mar-15,Lifestyle/Home,A peg with hooks,,,,,,Scott Boocock,0,"710,000",380000,10,3800000,1,1,380000,15,2533333,1,380000,15,,,280000,,,,,,,,,380000,15,,,,,,1,1,1,1,,1
1,DyskinGuitars,5,24,8-Feb-15,7-Jun-15,8-Mar-15,,A specially-designed guitar with numbers to make learning it easy,,,,,,Brian Dyskin,0,"710,000",36000,18,200000,0,,,,,,,,,,,,,,,,,,,,,,,,,,1,1,1,1,,1
1,ScrubbaWashBag,6,25,8-Feb-15,7-Jun-15,15-Mar-15,Electronics,"A portable washing machine for travel, camping and sportswear",,,,,,Ash Newland,0,"973,000",178000,8,2225000,1,1,360000,30,1200000,2,180000,15,,,,,,180000,15,180000,15,,,,,,,,,,1,1,1,1,,1
1,K-Lite,6,26,8-Feb-15,7-Jun-15,15-Mar-15,Fitness/Sports/Outdoors,A dynamo light for bicycles,,,,,,Kerry Staite,0,"973,000",50000,25,200000,0,,,,,,,,,,,,,,,,,,,,,,,,,,1,1,1,1,,1
1,EvilCorp,6,27,8-Feb-15,7-Jun-15,15-Mar-15,,"An all-year-round purpose-built, live haunted attraction",,,,,,Kate Rose & Jaye Rose,1,"973,000",500000,40,1250000,0,,,,,,,,,,,,,,,,,,,,,,,,,,1,1,1,1,,1
1,Bottlepops,6,28,8-Feb-15,7-Jun-15,15-Mar-15,Fitness/Sports/Outdoors,"Talking, sports themed bottle openers",,,,,,Stephen Brooks & Greg Jury,1,"973,000",500000,40,1250000,1,1,150000,40,375000,2,75000,20,,,,,,75000,20,,,75000,20,,,,,,,,1,1,1,1,,1
1,DHDSkate,7,29,8-Feb-15,7-Jun-15,22-Mar-15,Fitness/Sports/Outdoors,A skateboard truck mechanism that increases stability,,,,,,David Hill,0,"638,000",160000,20,800000,0,,,,,,,,,,,,,,,,,,,,,,,,,,1,1,1,1,,1
1,ThePartyPeople,7,30,8-Feb-15,7-Jun-15,22-Mar-15,,Party supplies company,,,,,,Dean Salakas,0,"638,000",400000,5,8000000,1,0,,,,,,,,,,,,,,,,,,,,,,,,,1,1,1,1,,1
1,Freckleberry,7,31,8-Feb-15,7-Jun-15,22-Mar-15,Food and Beverage,Chocolate wholesale business,,,,,,Megan Van Oirschot,0,"638,000",350000,20,1750000,0,,,,,,,,,,,,,,,,,,,,,,,,,,1,1,1,1,,1
1,Hummingbirds,7,32,8-Feb-15,7-Jun-15,22-Mar-15,Children/Education,An all-abilities childcare facility,,,,,,Rebecca Glover & Leah James,1,"638,000",80000,20,400000,1,1,80000,25,320000,2,40000,12.5,,,,,,40000,12.5,,,,,,,,,40000,12.5,John,1,1,1,1,,1
1,TommySugo,8,33,8-Feb-15,7-Jun-15,29-Mar-15,Food and Beverage,A spaghetti and espresso restaurant,,,,,,Joel Sneeuwjagt & Nathan Baws,1,"587,000",350000,15,2333333,1,1,350000,50,700000,2,175000,25,,,200000,,,,,350000,50,,,,,,,,,,1,1,1,1,,1
1,StinkBrothers,8,34,8-Feb-15,7-Jun-15,29-Mar-15,Fashion/Beauty,Natural deodorant targeted at male adolescence,,,,,,Suzanne Bosanquet & Lisa O'Keefe,1,"587,000",50000,10,500000,0,,,,,,,,,,,,,,,,,,,,,,,,,,1,1,1,1,,1
1,Gladmac,8,35,8-Feb-15,7-Jun-15,29-Mar-15,Fashion/Beauty,A tongue scraper,,,,,,Gladys Mackenzie,0,"587,000",250000,20,1250000,0,,,,,,,,,,,,,,,,,,,,,,,,,,1,1,1,1,,1
1,WeTeachMe,8,36,8-Feb-15,7-Jun-15,29-Mar-15,Children/Education,An online marketplace for student courses,,,,,,Kym Huynh,0,"587,000",200000,2.5,8000000,1,0,,,,,,,,,,,,,,,,,,,,,,,,,1,1,1,1,,1
1,CharliChair,9,37,8-Feb-15,7-Jun-15,12-Apr-15,Children/Education,A portable baby shower chair,,,,,,Hani & Meray Yassa,1,"527,000",200000,5,4000000,1,1,200000,50,400000,1,200000,50,,,100000,,,,,,,,,,,,,200000,50,John,1,1,1,1,,1
1,NexusNotes,9,38,8-Feb-15,7-Jun-15,12-Apr-15,Software/Tech,An online marketplace for students to buy and sell course notes,,,,,,Hugh Minson & Richard Horden-Gibbings,1,"527,000",300000,7.5,4000000,0,,,,,,,,,,,,,,,,,,,,,,,,,,1,1,1,1,,1
1,TheDinnerLadies,9,39,8-Feb-15,7-Jun-15,12-Apr-15,,"Hot to Go, a spin-off of the original business",,,,,,Sophie Gilliatt & Katherine Westwood,1,"527,000",140000,33,424242,1,1,216000,33,654545,1,216000,33,,,,,,,,216000,33,,,,,,,,,,1,1,1,1,,1
1,GrownWoodenEyewear,10,40,8-Feb-15,7-Jun-15,19-Apr-15,Lifestyle/Home,Bamboo and wooden sunglasses,,,,,,Jeff Phillips,0,"548,000",60000,20,300000,1,1,60000,40,150000,2,30000,20,,,20000,,,,,,,,,30000,20,,,30000,20,John,1,1,1,1,,1
1,RichGurl,10,41,8-Feb-15,7-Jun-15,19-Apr-15,Software/Tech,A website which gathers online clothes sales in one place,,,,,,Stefanie Miro,0,"548,000",50000,20,250000,0,,,,,,,,,,,,,,,,,,,,,,,,,,1,1,1,1,,1
1,LeapinDigitalKeys,10,42,8-Feb-15,7-Jun-15,19-Apr-15,Software/Tech,App that allows users to open their hotel door locks from their smartphone,,,,,,Steve Dunn,0,"548,000",75000,3,2500000,0,,,,,,,,,,,,,,,,,,,,,,,,,,1,1,1,1,,1
1,LaMule,10,43,8-Feb-15,7-Jun-15,19-Apr-15,Business Services,carpooling service,,,,,,Oliver Du Rieu,0,"548,000",50000,5,1000000,0,,,,,,,,,,,,,,,,,,,,,,,,,,1,1,1,1,,1
1,Ampan,11,44,8-Feb-15,7-Jun-15,26-Apr-15,Green/CleanTech,A product made from agricultural waste for building construction,,,,,,Grant Burns & John Gorman,1,"480,000",500000,20,2500000,0,,,,,,,,,,,,,,,,,,,,,,,,,,1,1,1,1,,1
1,Crisp,11,45,8-Feb-15,7-Jun-15,26-Apr-15,Food and Beverage,A raw salad bar business,,,,,,Shey Newitt & Ted Tolfree,1,"480,000",700000,10,7000000,1,0,,,,,,,,,,,,,,,,,,,,,,,,,1,1,1,1,,1
1,Mobilyser,11,46,8-Feb-15,7-Jun-15,26-Apr-15,Software/Tech,An app that separates work related calls from personal calls for tax purposes,,,,,,Robbie Adams,0,"480,000",1000000,25,4000000,0,,,,,,,,,,,,,,,,,,,,,,,,,,1,1,1,1,,1
1,FlyBabeeTravelMadeEasy,11,47,8-Feb-15,7-Jun-15,26-Apr-15,,A pop up sleep cover for airline bassinets and strollers,,,,,,Emma Lovell,0,"480,000",50000,10,500000,1,1,80000,38,210526,1,80000,38,,,,,,,,80000,38,,,,,,,,,,1,1,1,1,,1
1,Three65Underwear,12,48,8-Feb-15,7-Jun-15,10-May-15,Fashion/Beauty,Men's underwear subscription business,,,,,,Will Strange,0,"656,000",60000,15,400000,1,1,120000,50,240000,2,60000,25,,,60000,,,,,60000,25,,,60000,25,,,,,,1,1,1,1,,1
1,Headvert,12,49,8-Feb-15,7-Jun-15,10-May-15,Fashion/Beauty,"Fully assembled, flatpacked custom promotional hats",,,,,,"Michael, Franco & Carl",1,"656,000",200000,25,800000,0,,,,,,,,,,,,,,,,,,,,,,,,,,1,1,1,1,,1
1,SupremeIncursions,12,50,8-Feb-15,7-Jun-15,10-May-15,Children/Education,runs incursions for schools,,,,,,Ryan Olsen & Mark Pollard,1,"656,000",80000,5,1600000,0,,,,,,,,,,,,,,,,,,,,,,,,,,1,1,1,1,,1
1,Koja,12,51,8-Feb-15,7-Jun-15,10-May-15,Food and Beverage,A range of superfood toppers,,,,,,Kate Johansson,0,"656,000",150000,25,600000,1,1,150000,45,333333,1,150000,45,,,100000,,,,,,,,,,,,,150000,45,John,1,1,1,1,,1
1,Hipsta,13,52,8-Feb-15,7-Jun-15,17-May-15,Lifestyle/Home,A clip on water bottle holder,,,,,,Peter & Kristina Stojkovski,1,"559,000",250000,20,1250000,0,,,,,,,,,,,,,,,,,,,,,,,,,,1,1,1,1,,1
1,Flexsil-Lid,13,53,8-Feb-15,7-Jun-15,17-May-15,Green/CleanTech,"Reusable, watertight lids for bain marie pans",,,,,,Albert David & Robin Fester,1,"559,000",300000,10,3000000,0,,,,,,,,,,,,,,,,,,,,,,,,,,1,1,1,1,,1
1,pottytraining,13,54,8-Feb-15,7-Jun-15,17-May-15,Children/Education,A toilet training business,pottytraining.com.au,,,,,Tracey & Lorne Fulwood,1,"559,000",140000,20,700000,0,,,,,,,,,,,,,,,,,,,,,,,,,,1,1,1,1,,1
1,Synxsole,13,55,8-Feb-15,7-Jun-15,17-May-15,Fashion/Beauty,"Easy fit orthotics, insoles and shoe inserts",,,,,,Rachel Ferguson & Marie Lewis,1,"559,000",100000,22.5,444444,1,1,100000,45,222222,1,100000,45,,,,,,,,,,100000,45,,,,,,,,1,1,1,1,,1
1,HaloMedicalDevices,14,56,8-Feb-15,7-Jun-15,31-May-15,Health/Wellness,digital goniometer used by physiotherapists,,,,,,Hayley Warren,0,"729,000",200000,21,952381,1,1,200000,21,952381,2,100000,10.5,,,100000,,,,,,,100000,10.5,100000,10.5,,,,,,1,1,1,1,,1
1,S2BSmartShower,14,57,8-Feb-15,7-Jun-15,31-May-15,,Walk in shower with bath conversion,,,,,,David Kay,0,"729,000",200000,15,1333333,0,,,,,,,,,,,,,,,,,,,,,,,,,,1,1,1,1,,1
1,Smudgi,14,58,8-Feb-15,7-Jun-15,31-May-15,Lifestyle/Home,A microfibre cloth with a sticky backing used to clean device screens,,,,,,Melissa Pye,0,"729,000",60000,30,200000,0,,,,,,,,,,,,,,,,,,,,,,,,,,1,1,1,1,,1
1,PiccaninnyTinyTots,14,59,8-Feb-15,7-Jun-15,31-May-15,Children/Education,Children's clothing using authentic Aboriginal art,,,,,,Kylie Bradford,0,"729,000",40000,20,200000,1,1,40000,40,100000,2,20000,20,,,20000,,,20000,20,,,,,,,,,20000,20,John,1,1,1,1,,1
1,SonseeWoman,15,60,8-Feb-15,7-Jun-15,7-Jun-15,Fashion/Beauty,Hosiery for plus size women,,,,,,Vanessa Babuin,0,"568,000",50000,20,250000,1,1,100000,20,500000,1,100000,20,,,80000,,,,,,,,,100000,20,,,,,,1,1,1,1,,1
1,Mr.Browne,15,61,8-Feb-15,7-Jun-15,7-Jun-15,Fashion/Beauty,A male self-tanning business,,,,,,Joanne Rathbone & Michelle Crofts,1,"568,000",70000,20,350000,0,,,,,,,,,,,,,,,,,,,,,,,,,,1,1,1,1,,1
1,Bryces,15,62,8-Feb-15,7-Jun-15,7-Jun-15,Business Services,A chain of studio apartment motels,,,,,,Bryce McDougall,0,"568,000",1980000,45,4400000,0,,,,,,,,,,,,,,,,,,,,,,,,,,1,1,1,1,,1
1,ThoseGirlsIcedTea,15,63,8-Feb-15,7-Jun-15,7-Jun-15,Food and Beverage,A homemade iced tea business,,,,,,Lauren Davie & Elena Andoniou,1,"568,000",70000,15,466667,1,1,70000,40,175000,1,70000,40,,,,,,70000,40,,,,,,,,,,,,1,1,1,1,,1
2,OnTheGoSports,1,64,8-May-16,7-Jul-16,8-May-16,Fitness/Sports/Outdoors,Custom sports apparel e-commerce,,,,,,Mick Spencer,0,"479,000",300000,10,3000000,1,1,600000,30,2000000,3,200000,10,,,,,,200000,10,200000,10,200000,10,,,,,,,,1,1,1,1,1,
2,CleverScore,1,65,8-May-16,7-Jul-16,8-May-16,Business Services,Design and manufacturing company for manual scoreboards,,,,,,David Lambasa,0,"479,000",200000,25,800000,1,0,,,,,,,,,,,,,,,,,,,,,,,,,1,1,1,1,1,
2,SharknadoAlive,1,66,8-May-16,7-Jul-16,8-May-16,,Live interactive attraction based on the Sharknado brand,,,,,,Lynton V Harris,0,"479,000",475000,50,950000,1,1,475000,50,950000,5,95000,10,,,,,,95000,10,95000,10,95000,10,95000,10,95000,10,,,,1,1,1,1,1,
2,Disrupt,2,67,8-May-16,7-Jul-16,15-May-16,Fitness/Sports/Outdoors,Self customiseable designs for world's sports equipments,,,,,,Gary Elphick,0,"449,000",250000,5.8,4310345,1,0,,,,,,,,,,,,,,,,,,,,,,,,,1,1,1,1,1,
2,CarNextDoor,2,68,8-May-16,7-Jul-16,15-May-16,Automotive,"Peer-to-peer car rental, rent privately owned vehicles",,,,,,Will Davies & Dave Trumbull,1,"449,000",300000,4,7500000,1,1,300000,4,7500000,1,300000,4,,,,,,300000,4,,,,,,,,,,,,1,1,1,1,1,
2,SuperOrbs,2,69,8-May-16,7-Jul-16,15-May-16,Food and Beverage,Bite sized vegan snack meal made with organic super-foods,,,,,,Shath & Bren,1,"449,000",200000,20,1000000,0,,,,,,,,,,,,,,,,,,,,,,,,,,1,1,1,1,1,
2,HerFashionBox(HFB),2,70,8-May-16,7-Jul-16,15-May-16,Fashion/Beauty,A box full of beauty accessories and products based on a buyers look and personality,,,,,,Kath Purkis,0,"449,000",200000,12,1666667,1,1,200000,16,1250000,2,100000,8,,,,,,,,100000,8,100000,8,,,,,,,,1,1,1,1,1,
2,TagInternational,3,71,8-May-16,7-Jul-16,22-May-16,Fitness/Sports/Outdoors,An outdoor adventure and team-building company,,,,,,Mick D,0,"596,000",100000,20,500000,1,1,100000,30,333333,2,50000,15,,,,,,50000,15,,,,,50000,15,,,,,,1,1,1,1,1,
2,ExtremeShredder,3,72,8-May-16,7-Jul-16,22-May-16,Fitness/Sports/Outdoors,Online fitness company that gives you access to online fitness workouts,,,,,,Sally Matterson,0,"596,000",50000,20,250000,1,1,50000,25,200000,1,50000,25,,,,,,,,,,,,50000,25,,,,,,1,1,1,1,1,
2,TroppoBicycle,3,73,8-May-16,7-Jul-16,22-May-16,Fitness/Sports/Outdoors,"Redesigned Bicycle that goes faster, offers better exercise and body building benefits, enhanced comfort and safety",,,,,,Richard Ploszaj,0,"596,000",5000000,49,10204082,0,,,,,,,,,,,,,,,,,,,,,,,,,,1,1,1,1,1,
2,Betswaps,3,74,8-May-16,7-Jul-16,22-May-16,Fitness/Sports/Outdoors,An online sports tipping marketplace,Betswaps.com,,,,,Michael Timbs,0,"596,000",200000,10,2000000,1,1,200000,15,1333333,2,100000,7.5,,,,,,100000,7.5,,,,,,,100000,7.5,,,,1,1,1,1,1,
2,Rhinohide,4,75,8-May-16,7-Jul-16,25-May-16,Automotive,"A tough, removable body armour that protects 4x4 cars against dents and scratches",,,,,,Marc Berryman,0,"636,000",80000,10,800000,1,1,80000,10,800000,2,40000,5,,,,,,,,,,40000,5,,,40000,5,,,,1,1,1,1,1,
2,OrmsbyGuitars,4,76,8-May-16,7-Jul-16,25-May-16,Lifestyle/Home,Handmade guitars from very rare timbers,,,,,,Perry Ormsby,0,"636,000",200000,10,2000000,1,0,,,,,,,,,,,,,,,,,,,,,,,,,1,1,1,1,1,
2,Carhood,4,77,8-May-16,7-Jul-16,25-May-16,,Airport car sharing platform while they are travelling,,,,,,Steve Johnson & Christian Shaefer,1,"636,000",500000,11,4545455,0,,,,,,,,,,,,,,,,,,,,,,,,,,1,1,1,1,1,
2,2Shu,4,78,8-May-16,7-Jul-16,25-May-16,Fashion/Beauty,A shoe that can be converted between a thong or a closed-toe shoe and vice versa,,,,,,Matt Gillett,0,"636,000",150000,40,375000,1,1,150000,25,600000,1,150000,25,,,,,,,,150000,25,,,,,,,,,,1,1,1,1,1,
2,PaleoCafé,5,79,8-May-16,7-Jul-16,1-Jun-16,Food and Beverage,Health food store and cafe franchise,,,,,,Marlies & Jai Hobbs,1,"539,000",750000,10,7500000,1,1,750000,38,1973684,1,750000,38,,,,,,,,750000,38,,,,,,,,,,1,1,1,1,1,
2,Pitzstop,5,80,8-May-16,7-Jul-16,1-Jun-16,Fashion/Beauty,Disposable male armpit guards,,,,,,Michelle & Troy Tornabene,1,"539,000",50000,25,200000,0,,,,,,,,,,,,,,,,,,,,,,,,,,1,1,1,1,1,
2,BodyPeaceClothing,5,81,8-May-16,7-Jul-16,1-Jun-16,Green/CleanTech,A range of eco-friendly clothes from bamboo,,,,,,Anna Walsh,0,"539,000",90000,15,600000,1,1,180000,30,600000,2,90000,15,,,,,,90000,15,90000,15,,,,,,,,,,1,1,1,1,1,
2,FridayBeers,5,82,8-May-16,7-Jul-16,1-Jun-16,Liquor/Alcohol,A subscription of cold craft beers delivery service every Friday,,,,,,"Keegan, Matt, Nick & Lee",1,"539,000",25000,10,250000,1,1,25000,10,250000,1,25000,10,,,,,,25000,10,,,,,,,,,,,,1,1,1,1,1,
2,CapHat,6,83,8-May-16,7-Jul-16,8-Jun-16,,A detachable cover for a cap or hat that provides full sun protection,,,,,,Bernie Sharrad,0,"625,000",120000,25,480000,1,1,120000,10,1200000,2,60000,5,,,120000,yes,,60000,5,,,60000,5,,,,,,,,1,1,1,1,1,
2,ASAPDelivery,6,84,8-May-16,7-Jul-16,8-Jun-16,,An SMS-based on-demand service,,,,,,Dylan Samra & Daniel Cunningham,1,"625,000",160000,10,1600000,0,,,,,,,,,,,,,,,,,,,,,,,,,,1,1,1,1,1,
2,PottyPlant,6,85,8-May-16,7-Jul-16,8-Jun-16,,A real grass dog toilet per subscription,,,,,,Julia Sakr,0,"625,000",70000,10,700000,1,1,70000,25,280000,1,70000,25,,,,,,,,,,,,,,70000,25,,,,1,1,1,1,1,
2,AutomatedFlaggers,6,86,8-May-16,7-Jul-16,8-Jun-16,,A signaling system that takes traffic signalers out of harms way,,,,,,Fred Keizer,0,"625,000",0,0,0,0,,,,,,,,,,,,,,,,,,,,,,,,,,1,1,1,1,1,
2,Your Closet,7,87,8-May-16,7-Jul-16,9-Jun-16,Fashion/Beauty,A luxury dress rental service,,,,,,Briella Brown,0,"609,000",80000,20,400000,1,1,80000,40,200000,2,40000,20,,,,,,,,40000,20,,,40000,20,,,,,,1,1,1,1,1,
2,Super Food Sushi,7,88,8-May-16,7-Jul-16,9-Jun-16,Food and Beverage,Vegan sushi cafe,,,,,,Guy & Pepe Marshall,1,"609,000",250000,22,1136364,0,,,,,,,,,,,,,,,,,,,,,,,,,,1,1,1,1,1,
2,Red Burlesque,7,89,8-May-16,7-Jul-16,9-Jun-16,Fashion/Beauty,A range of red lipsticks,,,,,,Adam Countts,0,"609,000",150000,30,500000,0,,,,,,,,,,,,,,,,,,,,,,,,,,1,1,1,1,1,
2,2WHEELBoard,7,90,8-May-16,7-Jul-16,9-Jun-16,Fitness/Sports/Outdoors,A combination of skateboarding and snowboarding,,,,,,Demitrias & Utah Rejtano,1,"609,000",100000,20,500000,1,1,100000,0,0,1,100000,0,,,100000,,,,,,,,,100000,0,,,,,,1,1,1,1,1,
2,You Chews,8,91,8-May-16,7-Jul-16,15-Jun-16,Food and Beverage,An online marketplace for workplace catering,,,,,,Liz Kaelin,0,"700,000",125000,5,2500000,1,1,125000,12.5,1000000,1,125000,12.5,,,,,,125000,12.5,,,,,,,,,,,,1,1,1,1,1,
2,Luv Ur Self,8,92,8-May-16,7-Jul-16,15-Jun-16,Fashion/Beauty,A skincare range for young teenage girls,,,,,,Isabella Dymalovski,0,"700,000",65000,20,325000,0,,,,,,,,,,,,,,,,,,,,,,,,,,1,1,1,1,1,
2,Crowd Property Capital,8,93,8-May-16,7-Jul-16,15-Jun-16,,An innovative peer-to-peer platform that allows investors to lend funds to borrowers,,,,,,David Lovato,0,"700,000",80000,20,400000,0,,,,,,,,,,,,,,,,,,,,,,,,,,1,1,1,1,1,
2,auug,8,94,8-May-16,7-Jul-16,15-Jun-16,Software/Tech,A mobile app and hardware product that allows you to play musical instruments,,,,,,Joshua Young,0,"700,000",50000,5,1000000,1,1,50000,10,500000,1,50000,10,,,,,,,,,,50000,10,,,,,,,,1,1,1,1,1,
2,newagestore,9,95,8-May-16,7-Jul-16,16-Jun-16,Lifestyle/Home,A spiritual and guidance website,newagestore.com,,,,,Jen Lawrence & John Bennett,1,"646,000",100000,10,1000000,1,1,100000,20,500000,1,100000,20,,,,,,,,,,,,100000,20,,,,,,1,1,1,1,1,
2,Exfolimate,9,96,8-May-16,7-Jul-16,16-Jun-16,Fashion/Beauty,An exfoliating tool to clean away dead skin from the body,,,,,,Roberto Durso,0,"646,000",1100000,50,2200000,0,,,,,,,,,,,,,,,,,,,,,,,,,,1,1,1,1,1,
2,Supercharged Food,9,97,8-May-16,7-Jul-16,16-Jun-16,Health/Wellness,Online website which offers anti-inflammatory recipes for improved health,,,,,,Lee Holmes,0,"646,000",200000,20,1000000,1,1,200000,35,571429,1,200000,35,,,100000,,,,,200000,35,,,,,,,,,,1,1,1,1,1,
2,New Eye Company,9,98,8-May-16,7-Jul-16,16-Jun-16,,Workplace safety glasses that support prescription lenses through foil inserts,,,,,,Andy Mehringer,0,"646,000",150000,20,750000,1,1,150000,30,500000,3,50000,10,,,,,,50000,10,,,50000,10,,,50000,10,,,,1,1,1,1,1,
2,Intelliweed,10,99,8-May-16,7-Jul-16,22-Jun-16,Green/CleanTech,An environmentally friendly weeding tool that pierces the weed and releases a herbicide,,,,,,Omid Rad,0,"483,000",175000,7.5,2333333,1,1,175000,15,1166667,1,175000,15,,,,,,,,,,,,,,175000,15,,,,1,1,1,1,1,
2,HairLuxe,10,100,8-May-16,7-Jul-16,22-Jun-16,Fashion/Beauty,A product which eliminates the look of balding or thinning hair,,,,,,Oran Harel,0,"483,000",50000,20,250000,0,,,,,,,,,,,,,,,,,,,,,,,,,,1,1,1,1,1,
2,10-Way Necklace,10,101,8-May-16,7-Jul-16,22-Jun-16,Fashion/Beauty,A necklace that can be worn ten different ways,,,,,,Maria Nicola,0,"483,000",75000,20,375000,1,1,75000,40,187500,1,75000,40,,,,,,,,,,,,75000,40,,,,,,1,1,1,1,1,
2,Hit With ME,10,102,8-May-16,7-Jul-16,22-Jun-16,,An app that helps individuals find someone to play tennis with,,,,,,Sam Begg,0,"483,000",50000,20,250000,1,1,50000,49,102041,1,50000,49,,,,,,,,,,,,,,50000,49,,,,1,1,1,1,1,
2,Kisa Phone,11,103,8-May-16,7-Jul-16,23-Jun-16,Electronics,Easy to use mobile phone for the elderly,,,,,,"Dennis, Dimitri & Leon",1,"595,000",200000,5,4000000,1,1,200000,10,2000000,1,200000,10,,,100000,,,,,,,,,200000,10,,,,,,1,1,1,1,1,
2,Parkhound,11,104,8-May-16,7-Jul-16,23-Jun-16,,A company that finds and leases affordable parking spaces from property managers,,,,,,Robert Crocitti & Michael Nuciforo,1,"595,000",400000,10,4000000,1,0,,,,,,,,,,,,,,,,,,,,,,,,,1,1,1,1,1,
2,Sofi Spritz,11,105,8-May-16,7-Jul-16,23-Jun-16,Liquor/Alcohol,"An all-natural, Australian wine spritzer",,,,,,Tom Maclean,0,"595,000",130000,10,1300000,1,1,130000,10,1300000,2,65000,5,,,,,,65000,5,,,,,,,65000,5,,,,1,1,1,1,1,
2,Mup,11,106,8-May-16,7-Jul-16,23-Jun-16,,A mint built into the underside of a coffee cup,,,,,,Fitzy & Wippa,1,"595,000",300000,5,6000000,1,0,,,,,,,,,,,,,,,,,,,,,,,,,1,1,1,1,1,
2,Pentablock,12,107,8-May-16,7-Jul-16,30-Jun-16,,A unique interlocking construction block,,,,,,Joel Norford,0,"452,000",350000,10,3500000,1,1,350000,17,2058824,1,350000,17,,,200000,,,,,350000,17,,,,,,,,,,1,1,1,1,1,
2,Bitzong Robotics,12,108,8-May-16,7-Jul-16,30-Jun-16,,A robotic alarm clock,,,,,,Benny Tong,0,"452,000",20000,10,200000,0,,,,,,,,,,,,,,,,,,,,,,,,,,1,1,1,1,1,
2,Nit Ninjas,12,109,8-May-16,7-Jul-16,30-Jun-16,,A cotton lace hat insert that treats and prevents nit infestations,,,,,,Paul Watts & Lisa Pallazi,1,"452,000",80000,20,400000,0,,,,,,,,,,,,,,,,,,,,,,,,,,1,1,1,1,1,
2,Get Kids Cooking,12,110,8-May-16,7-Jul-16,30-Jun-16,Children/Education,Hands-on cooking classes for primary school children,,,,,,Joanne Bowskill & Holly Boal,1,"452,000",150000,10,1500000,1,1,150000,20,750000,1,150000,20,,,,,,,,,,,,,,150000,20,,,,1,1,1,1,1,
2,Lil Fairy Doors,13,111,8-May-16,7-Jul-16,7-Jul-16,Children/Education,A miniature magical door children can attach to their bedroom wall allowing fairies to come and visit,,,,,,Sally Copus,0,"580,000",325000,20,1625000,1,1,650000,20,3250000,2,325000,10,,,325000,,,,,,,,,325000,10,325000,10,,,,1,1,1,1,1,
2,Vegepod,13,112,8-May-16,7-Jul-16,7-Jul-16,,A self-contained vegetable and herb planter,,,,,,Matt Harris,0,"580,000",75000,10,750000,1,1,225000,20,1125000,1,225000,20,,,75000,,,,,,,,,225000,20,,,,,,1,1,1,1,1,
2,Torque Safe,13,113,8-May-16,7-Jul-16,7-Jul-16,,A business that manufactures and sells safety switches for dangerous hydraulic torque tools,,,,,,Luke & Vanessa Gosden,1,"580,000",300000,15,2000000,1,1,500000,50,1000000,3,166666.6667,16.66666667,,,,,,166666.6667,16.66666667,,,166666.6667,16.66666667,,,166666.6667,16.66666667,,,,1,1,1,1,1,
2,One World,13,114,8-May-16,7-Jul-16,7-Jul-16,Lifestyle/Home,A range of furniture and house decorations,,,,,,Greg Ollerhead & Kate Fuller,1,"580,000",700000,20,3500000,1,1,700000,33,2121212,2,350000,16.5,,,,,,,,350000,16.5,,,,,350000,16.5,,,,1,1,1,1,1,
3,CancerAid,1,115,20-Jun-17,19-Sep-17,20-Jun-17,Health/Wellness,An app that personalises cancer information for patients and caregivers,,,,,,"Dr. Nikhol Pooviah, Dr. Raghav Murali-Ganesh & Dr. Martin Seneviratne",1,"749,000",500000,10,5000000,1,1,500000,10,5000000,2,250000,5,,,,,,,,,,250000,5,,,250000,5,,,,1,1,1,1,1,
3,MiniClones,1,116,20-Jun-17,19-Sep-17,20-Jun-17,Uncertain/Other,3D scanning which creates replicated figurines,,,,,,Barry Rahme,0,"749,000",125000,25,500000,0,,,,,,,,,,,,,,,,,,,,,,,,,,1,1,1,1,1,
3,iRecruit,1,117,20-Jun-17,19-Sep-17,20-Jun-17,Software/Tech,Technology that ranks resumes to find best suit job applicant,,,,,,Aleksandar Svetski,0,"749,000",200000,2.2,9090909,0,,,,,,,,,,,,,,,,,,,,,,,,,,1,1,1,1,1,
3,StrangeGrains,1,118,20-Jun-17,19-Sep-17,20-Jun-17,Food and Beverage,A wholesale artisan bakery selling gluten free bread,,,,,,Jenny Holten,0,"749,000",350000,10,3500000,1,1,350000,25,1400000,1,350000,25,,,,,,,,,,,,350000,25,,,,,,1,1,1,1,1,
3,GenerationOutcastClothing,2,119,20-Jun-17,19-Sep-17,27-Jun-17,Fashion/Beauty,An online women's clothing company,,,,,,Paris Marchant & Lawrence Lees,1,"737,000",90000,10,900000,1,0,,,,,,,,,,,,,,,,,,,,,,,,,1,1,1,1,1,
3,TheHammbag,2,120,20-Jun-17,19-Sep-17,27-Jun-17,Fashion/Beauty,"An all-in-one hammock, backpack and towel",,,,,,Dylan Colman & Tom Smith,1,"737,000",45000,15,300000,0,,,,,,,,,,,,,,,,,,,,,,,,,,1,1,1,1,1,
3,Catch'N'Release,2,121,20-Jun-17,19-Sep-17,27-Jun-17,Green/CleanTech,An anchor retrieval company that eliminates damage to the ocean,,,,,,Margaret & Peter Powell,1,"737,000",200000,20,1000000,1,1,200000,100,200000,1,200000,100,1,,,,Naomi,,,,,,,,,200000,100,,,,1,1,1,1,1,
3,HooHaaHeadphones,2,122,20-Jun-17,19-Sep-17,27-Jun-17,Electronics,Headphones with a retractable lead,,,,,,Capital M,0,"737,000",20,20,100,1,1,30,30,100,2,15,15,,,,,,,,,,15,15,15,15,,,,,,1,1,1,1,1,
3,HeyDayButter,3,123,20-Jun-17,19-Sep-17,4-Jul-17,Food and Beverage,An artisan brand of gourmet butter,,,,,,Heather Day,0,"725,000",50000,25,200000,1,1,50000,33,151515,1,50000,33,,,,,,,,,,,,50000,33,,,,,,1,1,1,1,1,
3,ThePoleRoom,3,124,20-Jun-17,19-Sep-17,4-Jul-17,,A pole dancing for fitness program,,,,,,Jasmine Zapka & Andrew Eastoe,1,"725,000",100000,15,666667,0,,,,,,,,,,,,Janine,,,,,,,,,,,,,,1,1,1,1,1,
3,FishFrenz,3,125,20-Jun-17,19-Sep-17,4-Jul-17,,A wave energy conversion fish feeding pump,,,,,,Lourens Badenhorst,0,"725,000",56000,9,622222,0,,,,,,,,,,,,,,,,,,,,,,,,,,1,1,1,1,1,
3,iCapsulate,3,126,20-Jun-17,19-Sep-17,4-Jul-17,,"A coffee company specialising in capsules, pods and roasted beans",,,,,,Kane Bodiam,0,"725,000",2500000,15,16666667,1,1,2500000,22.5,11111111,1,2500000,22.5,,,,,,,,,,2500000,22.5,,,,,,,,1,1,1,1,1,
3,OverTheMoo,4,127,20-Jun-17,19-Sep-17,11-Jul-17,Food and Beverage,Lactose-free coconut milk ice cream,,,,,,Alex Houseman,0,"581,000",250000,8,3125000,1,0,,,,,,,,,,,,,,,,,,,,,,,,,1,1,1,1,1,
3,MiniPallets,4,128,20-Jun-17,19-Sep-17,11-Jul-17,,Product which raises goods off the ground allowing for easy moving access underneath,,,,,,Peter Kuhlmann,0,"581,000",200000,20,1000000,1,1,400000,40,1000000,2,200000,20,,,,,,,,,,200000,20,200000,20,,,,,,1,1,1,1,1,
3,Tractag,4,129,20-Jun-17,19-Sep-17,11-Jul-17,,A QR identification tag,,,,,,Maree Machin,0,"581,000",200000,10,2000000,0,,,,,,,,,,,,,,,,,,,,,,,,,,1,1,1,1,1,
3,Glamazon,4,130,20-Jun-17,19-Sep-17,11-Jul-17,Fashion/Beauty,Online booking company for beauty services,,,,,,Lauren Silvers & Lisa Maree Boersma,1,"581,000",250000,15,1666667,1,1,250000,25,1000000,1,250000,25,,,,,,250000,25,,,,,,,,,,,,1,1,1,1,1,
3,iKiFit,5,131,20-Jun-17,19-Sep-17,18-Jul-17,Children/Education,A learning program which engages children through music and movement,,,,,,Kim Macrae,0,"546,000",250000,10,2500000,0,,,,,,,,,,,,,,,,,,,,,,,,,,1,1,1,1,1,
3,Kaf.Tanned,5,132,20-Jun-17,19-Sep-17,18-Jul-17,,A line of kaftans to be worn after a spray tan,,,,,,Jade Castle,0,"546,000",150000,10,1500000,1,1,150000,25,600000,1,150000,25,,,100000,,,150000,25,,,,,,,,,,,,1,1,1,1,1,
3,Cellarwraps,5,133,20-Jun-17,19-Sep-17,18-Jul-17,Liquor/Alcohol,Greeting card labels for bottles of wine,,,,,,Brett Page,0,"546,000",170000,20,850000,1,1,170000,30,566667,1,170000,30,,,,,,,,,,,,,,170000,30,,,,1,1,1,1,1,
3,SleepingDuck,5,134,20-Jun-17,19-Sep-17,18-Jul-17,Lifestyle/Home,A customisable mattress,,,,,,Winston Wijeyeratne & Selvam Sinnappan,1,"546,000",500000,5,10000000,1,0,,,,,,,,,,,,,,,,,,,,,,,,,1,1,1,1,1,
3,Deliciou,6,135,20-Jun-17,19-Sep-17,1-Aug-17,Food and Beverage,A vegetarian bacon flavoured seasoning,,,,,,Kjetil Hansen,0,"442,000",300000,25,1200000,1,1,300000,44,681818,1,300000,44,,,,,,,,,,300000,44,,,,,,,,1,1,1,1,1,
3,TheGuitarStrapCo.,6,136,20-Jun-17,19-Sep-17,1-Aug-17,,Custom designed guitar straps,,,,,,"Tony Croce, Mike Nayer & David Jardine",1,"442,000",100000,10,1000000,1,1,100000,25,400000,1,100000,25,,,,,,,,100000,25,,,,,,,,,,1,1,1,1,1,
3,Zeppee,6,137,20-Jun-17,19-Sep-17,1-Aug-17,Pet Products,An app that connects adoptable pets with potential owners,,,,,,Ben Burton,0,"442,000",50000,10,500000,0,,,,,,,,,,,,,,,,,,,,,,,,,,1,1,1,1,1,
3,TheMondayFoodCo.,6,138,20-Jun-17,19-Sep-17,1-Aug-17,,"Handmade, organic, paleo granola",,,,,,Indi Sutton,0,"442,000",300000,25,1200000,1,1,300000,40,750000,1,300000,40,,,200000,,,,,,,,,,,300000,40,,,,1,1,1,1,1,
3,Cardly,7,139,20-Jun-17,19-Sep-17,8-Aug-17,,An online card sending service,,,,,,Patrick Gaskin & Tom Clift,1,"477,000",250000,7,3571429,1,1,250000,15,1666667,1,250000,15,,,100000,yes,,,,,,,,250000,15,,,,,,1,1,1,1,1,
3,360 Gym,7,140,20-Jun-17,19-Sep-17,8-Aug-17,,"A portable, outdoor strength training gym",,,,,,Brad Webb,0,"477,000",200000,20,1000000,0,,,,,,,,,,,,"Steve,Glen",,,,,,,,,,,,,,1,1,1,1,1,
3,Foddies,7,141,20-Jun-17,19-Sep-17,8-Aug-17,,A specialty food brand for people with food intolerance and allergies,,,,,,Chrissy Glentis & Luke Lucas,1,"477,000",100000,10,1000000,1,1,100000,40,250000,1,100000,40,,,,,,,,100000,40,,,,,,,,,,1,1,1,1,1,
3,Be Fit Food,8,142,20-Jun-17,19-Sep-17,15-Aug-17,,Meal plan programs for rapid weight loss,,,,,,Kate Save & Dr. Geoffrey Draper,1,"464,000",300000,20,1500000,1,1,300000,33.3,900901,1,300000,33.3,,,100000,,,,,300000,33.3,,,,,,,,,,1,1,1,1,1,
3,Beer Pal,8,143,20-Jun-17,19-Sep-17,15-Aug-17,,An app that shows where your favourite beers are on special,,,,,,"Paul Cameron, Sam Davies & Seth Tonkin",1,"464,000",300000,15,2000000,0,,,,,,,,,,,,,,,,,,,,,,,,,,1,1,1,1,1,
3,Bethany Grace,8,144,20-Jun-17,19-Sep-17,15-Aug-17,,A natural skincare company,,,,,,Bethany Grace Spoor,0,"464,000",40000,30,133333,0,,,,,,,,,,,,Janine,,,,,,,,,,,,,,1,1,1,1,1,
3,Nevermind Adventure,8,145,20-Jun-17,19-Sep-17,15-Aug-17,,A motorcycle touring and leather goods company,,,,,,Matt Natonewski,0,"464,000",200000,20,1000000,1,1,200000,49,408163,1,200000,49,,,,,,200000,49,,,,,,,,,,,,1,1,1,1,1,
3,Franki + Seoul,9,146,20-Jun-17,19-Sep-17,22-Aug-17,,Natural skin care and beauty products and the latest trends and insights from Korea,,,,,,Jayme & Jenny Park,1,"461,000",35000,12,291667,0,,,,,,,,,,,,,,,,,,,,,,,,,,1,1,1,1,1,
3,Just Jerky,9,147,20-Jun-17,19-Sep-17,22-Aug-17,,An authentic and all-natural beef jerky,,,,,,Elias Kassas & Elisa Trifunoski,1,"461,000",75000,20,375000,1,1,75000,33,227273,1,75000,33,,,,,,,,,,,,,,75000,33,,,,1,1,1,1,1,
3,Wish U Were Here Dolls,9,148,20-Jun-17,19-Sep-17,22-Aug-17,,Handsewn cushioned dolls for children created with images of family members,,,,,,Lauren & Lily Martin,1,"461,000",25000,20,125000,1,1,25000,40,62500,1,25000,40,,,,,,,,,,25000,40,,,,,,,,1,1,1,1,1,
3,Speedfit,9,149,20-Jun-17,19-Sep-17,22-Aug-17,,A 20 minute intense fitness session using EMS,,,,,,Roland Safar & Matej Varhalik,1,"461,000",280000,10,2800000,1,0,,,,,,,,,,,,,,,,,,,,,,,,,1,1,1,1,1,
3,Peak Chocolate,10,150,20-Jun-17,19-Sep-17,29-Aug-17,,"A pre-training, high performance chocolate",,,,,,Raph Freedman & Rory Boyden,1,"458,000",50000,10,500000,0,,,,,,,,,,,,,,,,,,,,,,,,,,1,1,1,1,1,
3,Cart-A-Lot,10,151,20-Jun-17,19-Sep-17,29-Aug-17,,A foldable cart,,,,,,Anthony & Rebecca Keain,1,"458,000",100000,10,1000000,1,1,100000,40,250000,1,100000,40,,,,,,,,,,,,100000,40,,,,,,1,1,1,1,1,
3,Hummingbird,10,152,20-Jun-17,19-Sep-17,29-Aug-17,,Raw superfood blendies to add to your smoothie,,,,,,Benjamin Seer,0,"458,000",200000,10,2000000,1,0,,,,,,,,,,,,,,,,,,,,,,,,,1,1,1,1,1,
3,ScopeIT Education,10,153,20-Jun-17,19-Sep-17,29-Aug-17,,A company which delivers digital technology lessons to schools,,,,,,Frank Lucisano & Tracy Richardson,1,"458,000",632000,15,4213333,1,1,632000,25,2528000,1,632000,25,,,,,,632000,25,,,,,,,,,,,,1,1,1,1,1,
3,Your Flavour,11,154,20-Jun-17,19-Sep-17,5-Sep-17,,A range of handmade healthy seasoning products,,,,,,Ace Ahsan,0,"394,000",80000,10,800000,1,1,80000,40,200000,1,80000,40,,,,,,,,,,,,80000,40,,,,,,1,1,1,1,1,
3,Lash U Lashes,11,155,20-Jun-17,19-Sep-17,5-Sep-17,,Professional eyelash extension training and high quality lash products,,,,,,Brent Thomas,0,"394,000",120000,10,1200000,0,,,,,,,,,,,,,,,,,,,,,,,,,,1,1,1,1,1,
3,Squidezy,11,156,20-Jun-17,19-Sep-17,5-Sep-17,,Squid cleaning tool,,,,,,Rodney Cross & Harry Bradford,1,"394,000",100000,32,312500,0,,,,,,,,,,,,,,,,,,,,,,,,,,1,1,1,1,1,
3,Melanie Newman Salon Essentials,11,157,20-Jun-17,19-Sep-17,5-Sep-17,,Professional dog grooming products made out of plant-derived ingredients,,,,,,Melanie Newman & Cory Boyd,1,"394,000",150000,20,750000,1,1,150000,50,300000,2,75000,25,,,,,,,,45000,15,,,,,105000,35,,,,1,1,1,1,1,
3,Sweet Mickie,12,158,20-Jun-17,19-Sep-17,12-Sep-17,,An app enabled seatbelt reminder and alert for passenger cars that pairs with your smartphone via Bluetooth,,,,,,Emma Head,0,"470,000",200000,20,1000000,1,1,200000,46,434783,2,100000,23,,,,,,,,100000,23,100000,23,,,,,,,,1,1,1,1,1,
3,Buckle Me Up,12,159,20-Jun-17,19-Sep-17,12-Sep-17,,An app enabled seatbelt reminder and alert for passenger cars that pairs with your smartphone via Bluetooth,,,,,,Andrew Leary,0,"470,000",390000,10,3900000,1,0,,,,,,,,,,,,,,,,,,,,,,,,,1,1,1,1,1,
3,Crooked Compass,12,160,20-Jun-17,19-Sep-17,12-Sep-17,,"A boutique tour operator, specialising in customised, small-group, and culturally immersive tours",,,,,,Lisa Pagotto,0,"470,000",70000,15,466667,0,,,,,,,,,,,,Naomi,,,,,,,,,,,,,,1,1,1,1,1,
3,One Talk,12,161,20-Jun-17,19-Sep-17,12-Sep-17,,"Talking posters operated by touch, that communicate with Aboriginal communities as well as non-English speaking new arrivals to Australia",,,,,,Anya Lorimer,0,"470,000",50000,20,250000,1,1,50000,20,250000,1,50000,20,,,,,,,,,,,,50000,20,,,,,,1,1,1,1,1,
3,Jimalie Coconut Products,13,162,20-Jun-17,19-Sep-17,19-Sep-17,,A range of premium quality coconut products,,,,,,Jaypee Abraham,0,"389,000",85000,20,425000,1,1,85000,45,188889,1,85000,45,,,,,,,,,,,,,,85000,45,,,,1,1,1,1,1,
3,Find My Future,13,163,20-Jun-17,19-Sep-17,19-Sep-17,,Smart online tool for schools and career advisors helps to guide students and those looking to build a new future,,,,,,Fergus Creese,0,"389,000",300000,25,1200000,0,,,,,,,,,,,,,,,,,,,,,,,,,,1,1,1,1,1,
3,Fresh Meals 2 U,13,164,20-Jun-17,19-Sep-17,19-Sep-17,,"All-natural, nutrient-rich freshly prepared meal delivery",,,,,,Rick & Tracy Coles,1,"389,000",150000,10,1500000,1,1,200000,25,800000,2,100000,12.5,1,,,yes,,100000,12.5,100000,12.5,,,,,,,,,,1,1,1,1,1,
3,Ecto Hand Planes,13,165,20-Jun-17,19-Sep-17,19-Sep-17,,A bodysurfing hand plane that's made from recycled surfboards,,,,,,Chris Anderson,0,"389,000",100000,20,500000,1,1,100000,50,200000,1,100000,50,,,,,,,,,,,,100000,50,,,,,,1,1,1,1,1,
4,CoconutBowls,1,166,15-May-18,7-Aug-18,15-May-18,Food and Beverage,Bowls made from coconut,,,,,,Jake Mckeon,0,"562,000",300000,10,3000000,1,1,300000,18,1666667,2,150000,9,,,,,,,,150000,9,150000,9,,,,,,,,1,1,1,1,1,
4,YourMatesBrewery,1,167,15-May-18,7-Aug-18,15-May-18,Liquor/Alcohol,Brewery and restaurant features a range of craft beers,,,,,,Christen McGarry & Matt Hepburn,1,"562,000",750000,25,3000000,1,0,,,,,,,,,,,,,,,,,,,,,,,,,1,1,1,1,1,
4,BistroMorgan,1,168,15-May-18,7-Aug-18,15-May-18,Food and Beverage,Artisan donut store,,,,,,Morgan Hipworth,0,"562,000",200000,20,1000000,1,0,,,,,,,,,,,Janine,,,,,,,,,,,,,,1,1,1,1,1,
4,TheInappropriateGiftCo.,1,169,15-May-18,7-Aug-18,15-May-18,Lifestyle/Home,Humorous gifts to people with an inappropriate sense of humor,,,,,,Lori Phegan,0,"562,000",100000,10,1000000,1,1,250000,25,1000000,1,250000,25,,,,,,,,,,,,250000,25,,,,,,1,1,1,1,1,
4,DessertBoxes,2,170,15-May-18,7-Aug-18,22-May-18,Food and Beverage,An online dessert gift-giving store,,,,,,"Rose, Samantha & Kaisser Khater",1,"673,000",300000,10,3000000,1,1,300000,12,2500000,1,300000,12,,,,,,,,,,,,300000,12,,,,,,1,1,1,1,1,
4,TheTLady,2,171,15-May-18,7-Aug-18,22-May-18,Health/Wellness,"Menopause tea, a herbal tea designed to help relieve symptoms of menopause",,,,,,Elissa Scott,0,"673,000",20000,10,200000,1,1,20000,20,100000,1,20000,20,,,,,,,,20000,20,,,,,,,,,,1,1,1,1,1,
4,StandInBaby,2,172,15-May-18,7-Aug-18,22-May-18,Children/Education,A newborn training mannequin,,,,,,Sandra & Brendon Moffatt,1,"673,000",200000,20,1000000,1,1,200000,20,1000000,2,100000,10,,,,,,,,,,100000,10,,,100000,10,,,,1,1,1,1,1,
4,MyCube,2,173,15-May-18,7-Aug-18,22-May-18,Business Services,A shared retail store with cubes that are mini shop fronts for micro-retailers,,,,,,Stanley Hsu & Lestari Vickers,1,"673,000",200000,5,4000000,1,1,200000,12.5,1600000,1,200000,12.5,,,,,,200000,12.5,,,,,,,,,,,,1,1,1,1,1,
4,TheBodyConsultants,3,174,15-May-18,7-Aug-18,29-May-18,Health/Wellness,A personal training business,,,,,,Jack Zuvelek & James Buchanan,1,"624,000",500000,25,2000000,0,,,,,,,,,,,,,,,,,,,,,,,,,,1,1,1,1,1,
4,RatBarrow,3,175,15-May-18,7-Aug-18,29-May-18,,Ride-on articulated tipping barrow,,,,,,Peter Boulton,0,"624,000",200000,25,800000,0,,,,,,,,,,,,,,,,,,,,,,,,,,1,1,1,1,1,
4,TheQuickFlick,3,176,15-May-18,7-Aug-18,29-May-18,,A pre-loaded stamp for creating a winged eyeliner look,,,,,,Iris Smit,0,"624,000",300000,10,3000000,1,1,300000,27.5,1090909,1,300000,27.5,,,,,,,,,,300000,27.5,,,,,,,,1,1,1,1,1,
4,LifeSizePlans,3,177,15-May-18,7-Aug-18,29-May-18,Business Services,Business projects architectural plans onto the floor of a warehouse,,,,,,Chris Ghaleb & Patrick Azzi,1,"624,000",2000000,20,10000000,0,,,,,,,,,,,,,,,,,,,,,,,,,,1,1,1,1,1,
4,KodaSail,4,178,15-May-18,7-Aug-18,5-Jun-18,Business Services,A travel company that provides small group sailing tours in Croatia & Turkey,,,,,,Chris Tabone,0,"609,000",180000,10,1800000,1,1,180000,25,720000,2,90000,12.5,,,,,,90000,12.5,90000,12.5,,,,,,,,,,1,1,1,1,1,
4,EarSox,4,179,15-May-18,7-Aug-18,5-Jun-18,Health/Wellness,"Ear protection against unwanted hair dye, water and chemicals",,,,,,Rachel Dorig,0,"609,000",350000,25,1400000,0,,,,,,,,,,,,,,,,,,,,,,,,,,1,1,1,1,1,
4,Donugs,4,180,15-May-18,7-Aug-18,5-Jun-18,Food and Beverage,A chicken nugget and donut combination,,,,,,Crag Carrick & Rachel Dutton,1,"609,000",100000,20,500000,1,1,100000,25,400000,1,100000,25,,,,,,,,,,,,100000,25,,,,,,1,1,1,1,1,
4,ISRTraining,4,181,15-May-18,7-Aug-18,5-Jun-18,Business Services,A sales training and recruitment organisation,,,,,,Jack Corbett,0,"609,000",125000,20,625000,1,1,187000,30,623333,3,62333.33333,10,,,,,,62333.33333,10,,,62333.33333,10,,,62333.33333,10,,,,1,1,1,1,1,
4,Subo,5,182,15-May-18,7-Aug-18,12-Jun-18,Food and Beverage,Non-squeeze food bottle,,,,,,Julie-Anne & Glen Mayer,1,"670,000",120000,12,1000000,1,1,120000,12,1000000,1,120000,12,,,,,,120000,12,,,,,,,,,,,,1,1,1,1,1,
4,DeliciousFoodsAustralia,5,183,15-May-18,7-Aug-18,12-Jun-18,Food and Beverage,A healthy range of pre-packaged meals,,,,,,Nicole Mahler,0,"670,000",100000,10,1000000,1,1,100000,25,400000,1,100000,25,,,,,,,,100000,25,,,,,,,,,,1,1,1,1,1,
4,DoubleChuckDrill,5,184,15-May-18,7-Aug-18,12-Jun-18,Electronics,A drill uses an electronic switch to disengage one chuck and flick the second chuck into position,,,,,,John Whitehead & Bill Allardyce,1,"670,000",90000,25,360000,0,,,,,,,,,,,,,,,,,,,,,,,,,,1,1,1,1,1,
4,WearableX,6,185,15-May-18,7-Aug-18,19-Jun-18,Health/Wellness,woven-in technology to yoga pants with sensors that connect to an app,,,,,,Billie Whitehouse	,0,"623,000",1800000,18,10000000,0,,,,,,,,,,,,,,,,,,,,,,,,,,1,1,1,1,1,
4,GanacheChocolate,6,186,15-May-18,7-Aug-18,19-Jun-18,Food and Beverage,"Handmade, small-batch range of chocolate and pantry products",,,,,,Arno Backes,0,"623,000",600000,40,1500000,1,1,600000,40,1500000,1,600000,40,,,,yes,,,,600000,40,,,,,,,,,,1,1,1,1,1,
4,TheClotheslineBrolley,6,187,15-May-18,7-Aug-18,19-Jun-18,,A cover for clotheslines out of clear PVC,,,,,,Liana Wynne,0,"623,000",122000,20,610000,0,,,,,,,,,,,,,,,,,,,,,,,,,,1,1,1,1,1,
4,Vodka+,6,188,15-May-18,7-Aug-18,19-Jun-18,Health/Wellness,A healthy alternative to alcohol,,,,,,Dave Nelson & Marko Pavasovic,1,"623,000",250000,10,2500000,1,0,,,,,,,,,,,,,,,,,,,,,,,,,1,1,1,1,1,
4,Gamify,7,189,15-May-18,7-Aug-18,26-Jun-18,Software/Tech,"Branded, personalised video games for companies",,,,,,Jonny Shannon & Tony Walden,1,"658,000",200000,10,2000000,1,0,,,,,,,,,,,Naomi,,,,,,,,,,,,,,1,1,1,1,1,
4,SunburstOutdoorLiving,7,190,15-May-18,7-Aug-18,26-Jun-18,Lifestyle/Home,Outdoor cushion designs,,,,,,Tanya Wood,0,"658,000",40000,20,200000,1,1,40000,30,133333,1,40000,30,,,,,,,,,,,,40000,30,,,,,,1,1,1,1,1,
4,RefreshMobileCarDetailing,7,191,15-May-18,7-Aug-18,26-Jun-18,Automotive,"An on-demand, car detailing service",,,,,,Harrison Lingard,0,"658,000",400000,20,2000000,0,,,,,,,,,,,,,,,,,,,,,,,,,,1,1,1,1,1,
4,TheBosscoop,7,192,15-May-18,7-Aug-18,26-Jun-18,Fitness/Sports/Outdoors,A workout supplements scoop,,,,,,Sam & Hannah Priestly,1,"658,000",25000,25,100000,1,1,25000,25,100000,2,12500,12.5,,,,,,12500,12.5,,,12500,12.5,,,,,,,,1,1,1,1,1,
4,KidsCo,8,193,15-May-18,7-Aug-18,3-Jul-18,Children/Education,A school holiday childcare program,,,,,,Laynton Allan & Adrian Rokman,1,"571,000",375000,15,2500000,1,1,375000,25,1500000,1,375000,25,,,300000,,,,,,,,,,,375000,25,,,,1,1,1,1,1,
4,IceBucketSkins,8,194,15-May-18,7-Aug-18,3-Jul-18,Health/Wellness,A stubby holder for an ice bucket,,,,,,Heidi Loy,0,"571,000",260000,10,2600000,0,,,,,,,,,,,,,,,,,,,,,,,,,,1,1,1,1,1,
4,Bare+Boho,8,195,15-May-18,7-Aug-18,3-Jul-18,Green/CleanTech,"Reusable, eco-friendly products for mothers and babies",,,,,,Jordan McGregor,0,"571,000",85000,30,283333,1,1,85000,30,283333,1,85000,30,,,55000,,,,,,,,,,,85000,30,,,,1,1,1,1,1,
4,Bricks+Agent,8,196,15-May-18,7-Aug-18,3-Jul-18,Business Services,consumers and businesses to be matched with qualified trades people,,,,,,Jon Stul & Rafael Niesten,1,"571,000",250000,10,2500000,1,1,250000,16,1562500,1,250000,16,,,,,,,,,,250000,16,,,,,,,,1,1,1,1,1,
4,FluAway48,9,197,15-May-18,7-Aug-18,10-Jul-18,Health/Wellness,An all-natural cold and flu medication,,,,,,Nicole & Steve Jones,1,"534,000",1500000,20,7500000,0,,,,,,,,,,,,,,,,,,,,,,,,,,1,1,1,1,1,
4,Michael&George,9,198,15-May-18,7-Aug-18,10-Jul-18,Children/Education,Lamp shaped like a pencil,,,,,,Michael & Georgie Gettings,1,"534,000",90000,15,600000,0,,,,,,,,,,,,,,,,,,,,,,,,,,1,1,1,1,1,
4,TheSwag,9,199,15-May-18,7-Aug-18,10-Jul-18,Lifestyle/Home,A fridge bag that holds moisture to prevent fruit and vegetables from going off,,,,,,Peita Pini,0,"534,000",300000,10,3000000,1,1,150000,25,600000,1,150000,25,,,,,,,,,,,,,,150000,25,,,,1,1,1,1,1,
4,TheMasonBaker,9,200,15-May-18,7-Aug-18,10-Jul-18,Food and Beverage,Handmade jarcakes,,,,,,James Willis,0,"534,000",50000,15,333333,1,1,100000,30,333333,2,50000,15,,,,,,,,,,50000,15,,,50000,15,,,,1,1,1,1,1,
4,JarEducation,10,201,15-May-18,7-Aug-18,17-Jul-18,Children/Education,"teaches school kids classes in digital technologies, drone kit",,,,,,"Daniel, Lochie, Sam & Jack",1,"534,000",250000,5,5000000,0,,,,,,,,,,,,,,,,,,,,,,,,,,1,1,1,1,1,
4,iLoveEarth,10,202,15-May-18,7-Aug-18,17-Jul-18,Green/CleanTech,"Collapsible, resuseable coffee cups",,,,,,Irina Zikner & Lilly Stesin,1,"534,000",110000,30,366667,0,,,,,,,,,,,,,,,,,,,,,,,,,,1,1,1,1,1,
4,Things4Bubs,10,203,15-May-18,7-Aug-18,17-Jul-18,Children/Education,wholesaling distribution business of baby goods,,,,,,Caroline Africh,0,"534,000",250000,25,1000000,1,1,250000,30,833333,1,250000,30,,,,,,,,,,250000,30,,,,,,,,1,1,1,1,1,
4,SnapSocial,10,204,15-May-18,7-Aug-18,17-Jul-18,Business Services,An interactive display in retail stores,,,,,,Hugh Campbell,0,"534,000",100000,20,500000,1,1,100000,33,303030,1,100000,33,,,,,,,,,,,,100000,33,,,,,,1,1,1,1,1,
4,FroPro,11,205,15-May-18,7-Aug-18,24-Jul-18,Food and Beverage,sugar-free high-protein ice cream brand,,,,,,Ed O’Donoghue,0,"499,000",250000,10,2500000,1,1,250000,20,1250000,1,250000,20,,,,,,,,,,,,,,250000,20,,,,1,1,1,1,1,
4,MickeyBluAustralia,11,206,15-May-18,7-Aug-18,24-Jul-18,Fitness/Sports/Outdoors,Portable generators for caravans and campers,,,,,,Mick Ryan,0,"499,000",2500000,50,5000000,0,,,,,,,,,,,,,,,,,,,,,,,,,,1,1,1,1,1,
4,SpacetoCo,11,207,15-May-18,7-Aug-18,24-Jul-18,Business Services,An Airbnb-style business that matches people with function spaces available for short-term hire,,,,,,"Daniel Franco, Jeremy Hurst & Daniel McCullen",1,"499,000",210000,14,1500000,1,1,210000,21,1000000,1,210000,21,,,,yes,,210000,21,,,,,,,,,,,,1,1,1,1,1,
4,HTZHotTeaze,11,208,15-May-18,7-Aug-18,24-Jul-18,Fashion/Beauty,A hairdressing tool which adds body and volume to the hair,,,,,,Annie Vine & Janet Cocks,1,"499,000",500000,5,10000000,0,,,,,,,,,,,,,,,,,,,,,,,,,,1,1,1,1,1,
4,FrontierPets,12,209,15-May-18,7-Aug-18,31-Jul-18,Pet Products,A range of organic freeze-dried dog food,,,,,,Diana Scott,0,"440,000",608000,23,2643478,0,,,,,,,,,,,,,,,,,,,,,,,,,,1,1,1,1,1,
4,WrinklesSchminkles,12,210,15-May-18,7-Aug-18,31-Jul-18,Fashion/Beauty,silicon patches for women,,,,,,Gabrielle Requena,0,"440,000",300000,17,1764706,0,,,,,,,,,,,,,,,,,,,,,,,,,,1,1,1,1,1,
4,HexPegs,12,211,15-May-18,7-Aug-18,31-Jul-18,Fitness/Sports/Outdoors,caravan and camping peg,,,,,,Damian Joyce,0,"440,000",80000,20,400000,1,1,80000,40,200000,1,80000,40,,,,,,,,,,,,,,80000,40,,,,1,1,1,1,1,
4,MinnowDesigns,12,212,15-May-18,7-Aug-18,31-Jul-18,Children/Education,Protective beach shoes for kids,,,,,,Lorraine Cherry-Nguyen & Stacey Fisher,1,"440,000",70000,20,350000,0,,,,,,,,,,,,Naomi,,,,,,,,,,,,,,1,1,1,1,1,
4,BirthBeat,13,213,15-May-18,7-Aug-18,7-Aug-18,Children/Education,Online birth education site,,,,,,Edwina Sharrock,0,"371,000",200000,10,2000000,1,1,200000,20,1000000,1,200000,20,,,100000,,,,,200000,20,,,,,,,,,,1,1,1,1,1,
4,Pod&Parcel,13,214,15-May-18,7-Aug-18,7-Aug-18,Green/CleanTech,Environmentally friendly coffee pods,,,,,,Jai Felinski & Ben Goodman,1,"371,000",100000,15,666667,1,1,100000,30,333333,1,100000,30,,,,,,,,,,,,100000,30,,,,,,1,1,1,1,1,
4,TheSeekSociety,13,215,15-May-18,7-Aug-18,7-Aug-18,Fitness/Sports/Outdoors,Earth conscious camping and outdoor canvas tents,,,,,,Phoebe Colbrelli-Cox & Charity Turner,1,"371,000",200000,30,666667,0,,,,,,,,,,,,,,,,,,,,,,,,,,1,1,1,1,1,
4,QPay,13,216,15-May-18,7-Aug-18,7-Aug-18,Children/Education,Student marketplace and payments app,,,,,,"Andrew Clapham, Moe Satti, & Zakaria Bouguettaya",1,"371,000",380000,8.4,4523810,1,1,380000,8.4,4523810,2,190000,4.2,,,,,,190000,4.2,,,,,190000,4.2,,,,,,1,1,1,1,1,
5,BoringWithoutYou,1,217,29-Aug-23,17-Oct-23,29-Aug-23,Fashion/Beauty,skincare products for combination skin types,,,,,,Davey,0,"237,000",36000,20,180000,1,1,50000,20,250000,1,50000,20,,,,,,,,,,,,,,,,50000,20,DavieFogarty,,,,,,1
5,Pixxie,1,218,29-Aug-23,17-Oct-23,29-Aug-23,Media/Entertainment,portable movie projector,,,,,,Poppy,0,"237,000",500000,30,1666667,0,,,,,,,,,,,,,,,,,,,,,,,,,,,,,,,1
5,Stryda,1,219,29-Aug-23,17-Oct-23,29-Aug-23,Fashion/Beauty,specialised insoles,,,,,,Tan,0,"237,000",50000,10,500000,1,1,50000,30,166667,4,12500,7.5,1,,,,,,,,,,,,,,,50000,30,"DavieFogarty,SabriSuby,RobertHerjavec",,,,,,1